1525265624,0,"2015-09-03 10:09:56",229.00
1398798579,0,"2015-09-03 10:50:06",269.00
633115137,0,"2015-10-02 05:31:54",229.00
3417502509,0,"2015-10-02 05:32:15",269.00
584144408,0,"2015-10-02 05:32:31",229.00
3437180724,0,"2015-10-02 05:38:54",229.00
3151497122,0,"2015-10-02 05:33:34",219.00
1549806245,0,"2015-10-02 05:33:38",159.00
1268814806,0,"2015-10-02 05:33:41",219.00
1003120473,0,"2015-10-02 05:33:44",259.00
3586393717,0,"2015-10-02 05:39:40",259.00
846998386,0,"2015-10-01 12:05:16",319.00
394981507,0,"2015-10-02 05:26:16",259.00
4186214831,0,"2015-10-02 05:41:28",459.00
283587738,0,"2015-10-01 11:56:38",289.00
4276704694,0,"2015-10-01 11:53:49",289.00
244433346,0,"2015-10-02 05:42:55",289.00
3768557806,0,"2015-09-11 07:58:53",269.00
167511515,0,"2015-10-02 08:55:06",69.90
3891422455,0,"2015-10-02 10:21:53",159.00
2001566054,0,"2015-10-10 16:59:57",79.90
920086419,0,"2015-10-10 16:59:56",91.36
3638101695,0,"2015-10-10 16:59:56",91.36
834315146,0,"2015-10-10 16:59:54",69.90
3753165478,0,"2015-10-10 15:59:55",91.46
940371873,0,"2015-10-10 16:59:55",91.46
801920722,0,"2015-10-10 16:59:56",250.00
3250731006,0,"2015-10-10 16:59:54",139.90
681677515,0,"2015-10-10 16:59:54",215.00
3333420007,0,"2015-10-10 16:59:53",99.90
555212512,0,"2015-10-10 16:59:53",99.90
81855761,0,"2015-10-02 09:48:26",375.00
2230543850,0,"2015-10-02 10:20:51",134.90
1680248052,0,"2015-10-02 10:18:53",134.90
3982825481,0,"2015-10-10 16:59:52",399.00
57375013,0,"2015-10-02 08:37:31",149.00
3926449168,0,"2015-10-02 10:06:15",134.90
1929481642,0,"2015-11-11 10:15:00",134.90
2495193261,0,"2015-11-24 12:19:04",134.90
2205751774,0,"2015-10-02 10:01:27",399.00
1836546290,0,"2015-10-02 09:59:54",134.90
2215960007,0,"2015-11-24 12:16:30",399.00
1780137195,0,"2015-10-02 09:58:19",134.90
2376241644,0,"2015-11-24 12:16:29",135.00
1400490144,0,"0000-00-00 00:00:00",129.90
3178736012,0,"2015-10-02 09:56:43",109.90
1410600121,0,"2015-10-02 08:49:45",39.90
3122294165,0,"2015-11-24 12:16:30",134.90
1570914450,0,"2015-11-24 12:15:28",139.00
1248000481,0,"2015-10-02 07:48:55",89.00
2758580429,0,"2015-10-02 07:47:57",89.00
1292844536,0,"2015-10-02 07:46:24",69.90
2403453710,0,"2015-10-01 10:07:57",219.00
1713532475,0,"2015-10-02 05:59:13",239.00
2284588823,0,"2015-09-11 18:30:31",179.00
86208294,0,"2015-10-02 05:59:48",199.00
38710079,0,"2015-10-02 06:01:08",219.00
3963669011,0,"2015-10-01 10:01:45",239.00
200861460,0,"2015-11-05 10:01:55",169.00
473456231,0,"2015-11-05 10:22:27",169.00
4063641419,0,"2015-11-27 16:09:43",79.00
458594942,0,"2015-11-27 14:43:13",79.00
4116446034,0,"2015-11-27 14:53:08",79.00
316921429,0,"2015-10-22 06:14:49",199.00
44634898,0,"2015-09-14 09:01:14",199.00
3955930663,0,"2015-11-26 13:24:41",199.00
96786187,0,"0000-00-00 00:00:00",179.00
4217883469,0,"2015-10-02 09:45:59",129.90
641222255,0,"2015-10-02 08:44:42",129.90
3207665621,0,"2015-10-02 08:43:32",120.00
1448260320,0,"2015-10-02 09:43:54",120.00
3093091276,0,"2015-10-02 09:39:14",109.90
1608842955,0,"2015-10-02 09:38:05",109.90
1210337208,0,"2015-10-02 09:36:59",59.90
2787780244,0,"2015-10-02 07:57:31",89.90
1330217889,0,"2015-10-02 08:36:00",79.90
2705842829,0,"2015-10-02 08:34:20",119.90
1191169930,0,"2015-10-02 08:33:07",79.90
1661539451,0,"2015-10-02 08:26:04",69.90
1684328546,0,"2015-10-02 08:24:01",69.90
2322248014,0,"2015-10-02 08:22:54",69.00
1842519113,0,"2015-10-02 08:21:16",39.90
2048009530,0,"2015-10-02 07:19:56",80.00
2484880406,0,"2015-10-02 08:08:46",109.90
2105532707,0,"2015-10-02 08:07:31",109.90
2473689103,0,"2015-10-02 08:05:57",179.00
1959374088,0,"2015-10-02 08:04:50",99.90
894678013,0,"2015-10-02 08:03:42",109.90
3680359121,0,"2015-10-10 15:59:51",139.90
842954724,0,"2015-10-02 07:00:13",109.90
3694139080,0,"2015-10-02 06:59:08",119.90
998783951,0,"2015-10-02 06:56:35",120.00
742949564,0,"2015-10-02 06:57:05",109.90
3259425680,0,"2015-10-10 15:59:51",280.00
723863205,0,"2015-10-02 09:24:51",229.90
3307939721,0,"2015-10-02 08:54:25",269.80
580061838,0,"2015-10-02 08:53:07",229.90
124113279,0,"2015-10-02 07:36:28",99.90
3916148819,0,"2015-11-24 12:15:29",250.00
2566997212,0,"2015-10-02 07:42:06",69.90
2126080475,0,"2015-10-02 07:43:31",79.90
2272768388,0,"2015-10-02 07:44:24",49.90
1846809777,0,"2015-10-02 07:46:01",69.90
2149217693,0,"2015-10-02 07:53:03",69.90
1738692762,0,"2015-10-02 07:48:18",195.00
15707467,0,"2015-11-24 12:16:30",295.00
2537387203,0,"2015-09-23 05:58:18",59.93
2164116912,0,"2015-09-23 05:56:16",59.93
1861463196,0,"2015-09-23 05:49:04",59.93
513366035,0,"2015-09-23 06:24:36",156.75
4179719444,0,"2015-09-23 05:46:22",57.00
670706776,0,"2015-09-22 13:01:48",72.00
3203628514,0,"2015-09-22 12:57:14",149.93
1469110487,0,"2015-10-16 11:28:48",89.93
3114187259,0,"2015-10-16 11:19:27",89.93
1579586812,0,"2015-09-22 08:15:01",74.93
1239821711,0,"2015-09-22 08:24:48",74.93
2817019043,0,"2015-09-22 08:40:31",74.93
1317792150,0,"2015-09-22 08:45:21",74.93
2693105850,0,"2015-09-22 08:12:30",74.93
1195222461,0,"2015-09-22 08:05:02",74.93
1657503308,0,"2015-09-22 12:29:06",104.93
2361728864,0,"2015-09-22 12:25:24",104.93
1705425493,0,"2015-09-22 12:18:34",89.93
2343099257,0,"2015-10-15 12:24:15",89.93
1813051006,0,"2015-09-22 12:05:46",89.93
2077249293,0,"2015-09-15 07:26:54",164.93
2092796692,0,"2015-09-22 10:39:39",164.93
2461264440,0,"2015-09-22 10:33:15",164.93
1963706175,0,"2015-09-22 11:49:23",171.75
881973706,0,"2015-09-22 11:41:01",174.00
3667900646,0,"2015-09-22 10:53:50",156.75
3723656447,0,"2015-09-22 10:46:34",89.93
1414942767,0,"2015-09-15 08:22:56",312.00
2562928363,0,"2015-09-22 09:13:21",156.00
2138768364,0,"2015-09-22 09:24:41",156.00
1757133471,0,"2015-09-22 09:56:34",41.93
4055034661,0,"2015-10-19 10:45:32",41.93
2178424746,0,"2015-09-22 10:17:49",36.00
1717580461,0,"2015-10-16 11:36:44",35.93
4012090960,0,"2015-09-22 08:56:57",141.75
3897451081,0,"2015-09-22 10:02:34",189.00
3791138402,0,"2015-09-15 10:24:16",269.25
4130903825,0,"2015-10-16 10:58:01",287.20
406255165,0,"2015-10-16 10:55:27",287.20
4048900872,0,"2015-09-22 09:32:31",82.43
2883178375,0,"2015-09-21 05:49:21",225.00
1281483392,0,"2015-09-21 06:57:42",73.13
1771518321,0,"2015-09-21 07:03:08",89.85
2274973789,0,"2015-09-21 07:07:27",89.13
1861942632,0,"2015-09-21 07:13:35",72.00
2163514436,0,"2015-09-21 07:18:16",150.00
1733079363,0,"2015-09-21 07:28:36",150.00
1888225328,0,"2015-09-21 07:33:28",150.00
2659346716,0,"2015-09-21 07:43:53",225.00
1832678800,0,"2015-10-16 10:46:49",69.38
440091910,0,"2015-10-19 10:56:49",69.38
2104930519,0,"2015-10-01 08:31:45",179.00
2484409826,0,"2015-10-01 10:01:14",179.00
2048619726,0,"2015-10-01 10:05:12",299.00
2644728265,0,"2015-10-22 08:13:38",339.00
2321801402,0,"2015-10-01 10:12:12",179.00
1684898198,0,"2015-10-01 10:18:20",179.00
4194898997,0,"2015-10-01 10:24:21",179.00
1302562999,0,"2015-10-01 10:22:25",159.00
1750422342,0,"2015-10-01 10:24:46",199.00
4049339132,0,"2015-11-02 13:00:26",199.00
406824905,0,"2015-10-01 10:45:31",179.00
4130457317,0,"2015-10-01 10:55:18",259.00
294251490,0,"2015-10-02 05:53:59",149.00
105468561,0,"2015-11-04 08:02:44",159.00
3896980413,0,"2015-11-04 08:42:38",159.00
19175048,0,"2015-11-04 09:05:58",219.00
2553136946,0,"2015-10-01 11:07:38",279.00
2140531253,0,"2015-10-02 05:54:46",149.00
1041233088,0,"2015-10-01 12:14:23",219.00
3489764844,0,"2015-10-01 12:17:12",219.00
962736345,0,"2015-10-01 11:24:19",219.00
3614200309,0,"2015-10-01 12:27:05",219.00
819231986,0,"2015-10-02 05:50:58",179.00
655672705,0,"2015-10-01 11:34:22",289.00
3373966509,0,"2015-10-02 05:48:45",169.00
544801176,0,"2015-10-02 05:45:01",239.00
3463930036,0,"2015-10-01 11:45:31",259.00
2355168582,0,"2015-10-10 16:59:52",295.00
4228641225,0,"2015-10-10 16:59:51",109.90
200874377,0,"2015-10-10 12:01:21",309.00
2465220659,0,"2015-10-10 11:03:42",309.00
1167940948,0,"2015-10-12 12:15:07",300.00
2278796194,0,"2015-10-13 06:51:16",380.00
517667352,0,"2015-10-12 12:26:58",380.00
4156120877,0,"2015-10-12 12:44:18",380.00
4003622508,0,"2015-10-13 07:02:29",380.00
2417169105,0,"2015-10-13 07:26:01",380.00
3515419684,0,"2015-10-13 08:50:47",179.00
1065839880,0,"2015-10-13 08:56:30",79.00
3605317693,0,"2015-10-13 08:00:54",199.00
954902801,0,"2015-10-13 09:13:49",239.00
3746726934,0,"2015-10-13 09:22:52",219.00
3214216691,0,"2015-10-13 09:28:00",84.90
1369140447,0,"2015-10-13 09:31:31",89.00
569481296,0,"2015-10-14 05:35:40",89.00
1459005638,0,"2015-10-14 06:49:04",165.00
2974713281,0,"2015-10-13 09:05:22",91.00
3820973734,0,"2015-10-14 06:48:06",145.00
2495110704,0,"2015-10-14 06:18:06",109.00
2058764060,0,"2015-10-14 06:16:40",120.00
3839011519,0,"2015-10-15 06:03:47",91.00
2480249385,0,"2015-10-14 06:10:03",127.00
182242195,0,"2015-10-14 06:02:55",145.00
3982812820,0,"2015-10-14 06:00:43",181.00
2590234114,0,"2015-10-14 05:56:11",145.00
4205076455,0,"2015-10-14 05:53:05",145.00
2376298353,0,"2015-10-14 05:49:40",139.00
346701515,0,"2015-10-14 06:12:36",145.00
1794964059,0,"2015-10-14 09:44:18",120.90
2337185225,0,"2015-10-14 12:19:27",142.20
2626561210,0,"2015-10-14 11:34:15",155.60
1921009046,0,"2015-10-14 11:34:39",199.90
2615402659,0,"2015-10-14 11:33:35",148.90
2455088264,0,"2015-10-14 11:45:19",131.60
1407046278,0,"2015-10-15 05:46:50",259.00
4012005581,0,"2015-10-15 07:24:31",119.00
2414203176,0,"2015-10-15 07:28:07",119.00
293684363,0,"2015-10-15 08:03:56",295.20
4130957708,0,"2015-10-15 08:09:14",394.00
2014787944,0,"2015-10-15 08:25:51",274.00
2518243396,0,"2015-10-15 08:29:51",298.00
1717685296,0,"2015-10-15 09:10:06",315.20
2399299845,0,"2015-10-15 09:41:31",139.20
1757037570,0,"2015-10-15 10:22:14",139.20
1098140963,0,"2015-10-16 07:57:44",309.00
2820139030,0,"2015-10-16 07:00:28",309.00
3742423168,0,"2015-10-16 07:59:48",412.00
1176078650,0,"2015-10-16 08:07:06",275.00
824097196,0,"2015-10-16 08:20:45",412.00
2711725117,0,"2015-10-16 09:25:27",266.00
3601241259,0,"2015-10-16 08:30:41",234.00
2220326860,0,"2015-10-16 08:57:30",356.00
4082126682,0,"2015-10-16 09:05:22",309.00
1784225504,0,"2015-10-16 09:09:23",309.00
492711542,0,"2015-10-23 16:35:36",314.00
2201664469,0,"2015-10-16 10:23:19",271.00
4097674051,0,"2015-10-16 10:38:20",354.00
1832180473,0,"2015-10-23 11:42:34",562.00
439609967,0,"2015-10-22 06:27:11",562.00
2324494334,0,"2015-10-23 10:40:35",562.00
2639023757,0,"2015-10-24 17:06:33",157.00
3930816027,0,"2015-10-24 17:11:12",157.00
1933717409,0,"2015-10-24 16:18:49",173.00
71638839,0,"2015-10-24 17:36:55",157.00
2585889428,0,"2015-10-16 10:11:15",157.00
3978738178,0,"2015-10-21 11:37:41",225.00
3579845715,0,"2015-10-16 11:52:30",89.93
997096831,0,"2015-10-16 13:03:04",119.00
3705032824,0,"2015-10-16 13:07:46",96.00
622364711,0,"2016-02-02 08:51:41",149.90
1377810609,0,"2016-01-20 09:12:09",159.90
3430624530,0,"2015-10-19 11:03:02",74.90
3145473412,0,"2015-10-19 10:03:46",149.90
578112574,0,"2015-10-19 10:05:47",249.90
1433566376,0,"2015-10-19 10:07:40",149.90
2033380210,0,"2015-10-21 05:46:16",133.00
2421247559,0,"2015-10-25 08:46:37",133.00
2120167275,0,"2015-10-21 05:59:38",136.00
2582053484,0,"2015-10-21 06:04:22",161.00
2384968479,0,"2015-10-21 06:08:14",140
1613355571,0,"2015-10-21 06:10:25",140.00
2303360774,0,"2015-10-21 07:20:20",161
1732517418,0,"2015-10-21 06:29:57",140.00
2164011821,0,"2015-10-21 06:38:08",140.00
2427909738,0,"2015-10-21 06:47:21",140.00
2044023647,0,"2015-10-21 06:58:13",133.00
2547724915,0,"2015-10-21 07:03:18",161.00
1885544308,0,"2015-10-21 07:08:25",161.00
1738778119,0,"2015-10-21 07:18:05",167.30
279221905,0,"2015-10-21 08:22:17",133.00
4190581668,0,"2015-10-21 08:37:58",1246.00
511647395,0,"2015-10-21 12:40:30",332.50
3291036509,0,"2015-11-25 06:19:48",321.30
707222129,0,"2015-10-21 10:06:47",283.50
3276078916,0,"2015-11-25 06:44:28",405.00
759864936,0,"2015-11-25 06:53:02",223.30
2855615114,0,"2015-10-21 10:29:06",293.30
1144740774,0,"2015-11-25 07:08:24",319.00
2908290707,0,"2015-11-25 07:26:40",342.30
877768489,0,"2015-10-21 10:56:40",314.30
3555295790,0,"2015-10-21 11:07:40",234.50
4129249759,0,"2015-10-21 11:13:07",265.30
403781875,0,"2015-10-21 11:31:02",272.30
4050820550,0,"2015-10-21 11:30:30",272.30
4010043550,0,"2015-11-09 11:02:11",395.00
17435058,0,"2015-11-09 11:05:19",517.00
3899239559,0,"2015-11-09 11:07:28",241.00
107466155,0,"2015-11-09 11:00:39",114.00
3789545644,0,"2015-10-22 11:50:17",114.00
2688941657,0,"2015-11-09 11:16:37",114.00
1313578869,0,"2015-11-09 11:18:49",114.00
3650701053,0,"2015-11-09 11:22:32",158.00
3109998360,0,"2015-11-09 11:23:54",158.00
542613154,0,"2015-11-09 06:33:20",158.00
3375643543,0,"2015-11-09 11:35:05",131.00
658135739,0,"2015-10-23 06:04:36",114.00
3078965034,0,"2015-11-09 11:45:01",114.00
2457050331,0,"2015-11-09 11:54:49",114.00
2088631799,0,"2015-11-09 12:03:08",114.00
2501793986,0,"2015-11-09 12:08:08",117.00
2064660974,0,"2015-11-09 12:14:29",128.00
4235173132,0,"2015-10-23 07:00:36",161.00
2349164931,0,"2015-11-09 12:12:33",150.00
353122361,0,"2015-10-23 07:14:02",190.00
4071888190,0,"2015-11-09 12:10:41",239.00
2079818179,0,"2015-11-09 12:24:51",140.00
2516181231,0,"2015-11-09 12:22:03",155.00
2090485210,0,"2015-10-23 07:57:51",140.00
2459182326,0,"2015-11-09 12:20:21",140.00
1859412562,0,"2015-11-09 12:27:45",263.00
2276968295,0,"2015-10-23 11:43:51",263.00
3659371155,0,"2015-11-09 11:47:12",260.00
3453823968,0,"2015-11-09 12:31:55",271.00
601049804,0,"2015-11-09 11:32:44",260.00
3400593401,0,"2015-11-09 12:40:46",153.00
616468181,0,"2015-11-09 12:42:25",158.00
2526710956,0,"2015-11-09 12:44:15",143.00
2023026048,0,"2015-11-09 11:51:54",260.00
2670510215,0,"2015-11-09 12:05:54",153.00
2297199092,0,"2015-11-09 11:31:08",187.00
1726093528,0,"2015-11-09 12:45:45",144.00
3748967493,0,"2015-11-09 12:50:20",160.00
830133609,0,"2015-10-27 12:24:33",388.00
3625545820,0,"2015-10-27 12:29:49",266.00
3980580551,0,"2015-11-09 06:14:31",346.00
1951106941,0,"2015-10-28 13:59:46",159.00
55359467,0,"2015-10-28 11:44:41",197.00
2636653128,0,"2015-11-09 07:50:29",197.00
3928953566,0,"2015-11-09 07:48:05",197.00
1931887460,0,"2015-10-28 12:35:55",212.00
69301234,0,"2015-11-09 08:01:10",235.00
2493410915,0,"2015-11-09 07:58:55",277.00
3818479349,0,"2015-11-09 08:09:00",658.00
1275928876,0,"2015-11-09 08:07:47",658.00
3530142863,0,"2015-11-09 08:06:24",728.00
2775483417,0,"2015-11-09 08:03:45",393.00
1013437859,0,"2015-11-09 08:22:11",988.00
1264641333,0,"2015-11-09 08:21:02",998.00
3688888484,0,"2015-11-09 08:16:52",498.00
2899888178,0,"2015-11-09 08:15:20",998.00
3424600535,0,"2015-11-09 08:12:47",973.00
3138941249,0,"2015-11-09 08:30:25",760.00
571547899,0,"2015-11-04 14:27:16",692.00
1427509357,0,"2015-11-09 08:28:45",692.00
3161830744,0,"2015-11-04 14:31:45",722.00
628942050,0,"2015-11-09 08:25:54",609.00
1383847028,0,"2015-11-04 14:21:34",474.00
3267676645,0,"2015-11-09 08:24:27",316.00
3878818324,0,"2015-11-09 08:38:26",387.00
2419401346,0,"2015-11-24 13:42:16",388.00
154956600,0,"2015-11-04 14:10:11",402.00
2117813166,0,"2015-11-04 14:16:22",425.00
240236321,0,"2015-11-09 09:34:28",152.00
2035713975,0,"2015-11-09 09:33:27",155.00
3924400678,0,"2015-11-09 09:31:55",155.00
2666441392,0,"2015-11-09 09:30:42",155.00
4264108885,0,"2015-11-09 09:29:29",155.00
2301498307,0,"2015-11-09 09:40:17",214.00
271008377,0,"2015-11-09 09:39:06",214.00
1730179823,0,"2015-11-09 09:38:09",214.00
4182042444,0,"2015-12-28 12:52:59",182.00
2386810842,0,"2015-11-09 09:19:26",293.00
390760032,0,"2015-11-09 09:21:27",339.00
1615705846,0,"2015-11-09 09:05:17",253.00
4042435431,0,"2015-11-09 08:48:12",266.00
2281020401,0,"2015-11-09 08:46:47",220.00
2041659290,0,"2015-11-09 08:45:41",312.00
246812428,0,"2015-11-09 08:44:14",108.00
2545901238,0,"2015-11-09 10:34:17",293.00
3770183200,0,"2015-11-09 10:33:14",231.00
2128411523,0,"2015-11-09 10:32:02",307.00
165399317,0,"2015-11-09 10:31:01",307.00
2429721263,0,"2015-11-09 10:29:40",262.00
3889539641,0,"2015-11-05 11:24:15",307.00
2003482536,0,"2015-11-09 10:28:09",262.00
7178046,0,"2015-11-09 10:25:35",414.00
1621757659,0,"2015-11-09 10:24:32",200.00
397229645,0,"2015-11-09 10:22:45",298.00
2393141239,0,"2015-11-09 10:21:02",298.00
4188233569,0,"2015-11-09 10:43:27",107.00
1741146818,0,"2015-11-09 08:18:27",599.00
281082452,0,"2015-11-09 10:42:33",123.00
2311695342,0,"2015-11-09 10:41:29",307.00
4274953080,0,"2015-11-09 10:37:48",230.00
1852933865,0,"2015-11-09 10:39:35",307.00
427210367,0,"2015-11-09 10:46:37",421.00
3124032175,0,"2015-11-09 10:55:16",399.00
3442721337,0,"2015-11-09 10:45:11",399.00
1413124995,0,"2015-11-09 10:48:00",399.00
1602764135,0,"2015-11-03 16:54:02",492.15
3458310912,0,"2015-11-04 07:47:33",721.65
3842830531,0,"2015-11-04 08:25:46",492.15
2333143316,0,"2015-11-04 08:57:03",424.15
1513484912,0,"2015-11-04 09:41:39",900.15
3712636562,0,"2015-11-04 09:55:57",543.15
1745064178,0,"2015-11-04 10:53:36",339.15
1632789748,0,"2015-11-04 14:14:49",336.60
2560408747,0,"2015-11-04 13:33:52",126.65
3908454436,0,"2015-11-04 13:54:29",713.15
997346612,0,"2015-11-04 14:13:44",609.00
621066348,0,"2015-11-04 14:34:56",139.00
3615018711,0,"2015-11-06 12:43:44",274.55
3220001149,0,"2015-11-06 13:03:07",89.25
1373843537,0,"2015-11-06 08:12:31",72.00
652476615,0,"2015-11-09 06:27:29",230.00
2107877259,0,"2015-11-09 07:15:36",230.00
178558749,0,"2015-11-09 07:18:09",230.00
2495611582,0,"2015-11-09 07:22:30",230.00
447483596,0,"2015-11-10 07:11:06",141.75
1957695259,0,"2015-11-10 09:23:01",246.00
785545805,0,"2015-11-10 09:28:56",300.00
3735744057,0,"2015-12-14 09:18:10",611.00
2846744239,0,"2015-12-14 09:18:14",689.00
816090901,0,"2015-12-14 09:19:04",534.00
3653708320,0,"2015-12-14 09:18:11",422.00
2931825334,0,"2015-12-14 09:19:04",439.00
935938828,0,"2015-12-14 09:18:10",326.00
1087273882,0,"2015-12-14 09:18:11",593.00
3497092619,0,"2015-12-14 09:21:06",520.00
1821305920,0,"2015-12-14 09:18:11",1091.00
4075452899,0,"2015-12-14 09:18:10",763.00
2354775390,0,"2015-12-14 09:21:04",211.00
2595700675,0,"2015-12-16 12:09:15",202.00
3987738453,0,"2015-12-14 09:19:55",216.00
1958305519,0,"2015-11-10 15:29:14",364.00
62811769,0,"2015-12-14 09:19:03",299.00
3940404044,0,"2015-12-14 09:18:12",281.00
1943313142,0,"2015-12-14 09:18:12",268.00
80980576,0,"2015-12-14 09:18:12",727.00
2490152945,0,"2015-12-14 09:18:11",386.00
2209091202,0,"2015-12-14 09:18:12",565.00
1839361966,0,"2015-11-10 16:07:29",175.00
447045432,0,"2015-11-10 16:09:11",502.00
2227292827,0,"2015-11-10 16:11:36",536.00
4089903629,0,"2015-11-10 16:19:43",716.00
1791994807,0,"2015-11-10 16:21:59",544.00
499686177,0,"2015-11-10 16:23:51",536.00
4201690662,0,"2015-11-10 17:38:29",236.00
3438123077,0,"2015-11-10 17:36:59",327.00
3152718035,0,"2015-11-10 17:35:55",362.00
585365865,0,"2015-12-14 09:19:55",228.00
1441057279,0,"2015-12-14 09:19:54",192.00
3414187100,0,"2015-12-14 09:19:02",262.00
3162991818,0,"2015-12-14 09:19:01",203.00
630078832,0,"2015-12-14 09:19:01",605.00
1384713702,0,"2015-12-14 09:19:54",451.00
3258323063,0,"2015-12-14 09:19:01",532.00
3039895777,0,"2015-12-14 09:19:55",648.00
3589712132,0,"2015-12-14 09:19:01",665.00
2733742482,0,"2015-12-14 09:18:13",669.00
1006159912,0,"2015-12-14 09:18:13",606.00
3533401373,0,"2015-12-14 09:19:04",262.00
2778488203,0,"2015-12-14 09:19:00",304.00
1016400945,0,"2015-12-14 09:19:04",322.00
1267874983,0,"2015-12-14 09:19:03",248.00
3677167926,0,"2015-12-14 09:19:03",297.00
2888438176,0,"2015-12-14 09:19:03",342.00
4275829447,0,"2015-12-14 09:19:03",634.00
2312948305,0,"2015-12-14 09:18:13",527.00
282434539,0,"2015-12-14 09:19:55",195.00
4189470430,0,"2015-12-14 09:19:02",212.00
2393968200,0,"2015-12-14 09:19:01",402.00
397959154,0,"2015-12-14 09:19:02",448.00
1623158628,0,"2015-12-14 09:19:02",350.00
4026561269,0,"2015-12-14 09:21:04",169.00
3888171910,0,"2015-12-14 09:21:04",138.00
2429025040,0,"2015-12-14 09:19:53",216.00
2127141436,0,"2015-12-14 09:19:53",291.00
3769438111,0,"2015-12-14 09:19:57",172.00
2544516873,0,"2015-12-14 09:19:57",317.00
245591731,0,"2015-12-14 09:19:54",367.00
3910878132,0,"2015-12-14 09:21:04",375.00
1616435017,0,"2015-12-14 09:19:04",404.00
2388047461,0,"2015-12-14 09:19:57",256.00
4182869747,0,"2015-12-14 09:18:09",390.00
4056029378,0,"2015-11-11 11:46:45",375.00
2261067860,0,"2015-11-11 11:48:43",469.00
2433061159,0,"2015-11-11 10:52:57",759.00
3782174120,0,"2015-11-11 10:55:31",899.00
2523419966,0,"2015-11-11 11:57:04",939.00
258016388,0,"2015-11-11 12:01:26",759.00
2019963922,0,"2015-11-11 12:04:16",693.00
2682132757,0,"2015-12-18 09:47:07",1469.00
4170443972,0,"2015-12-18 09:47:07",393.00
1866544460,0,"2015-12-18 09:47:07",599.00
2021755967,0,"2015-12-18 09:47:08",437.00
2526014739,0,"2015-12-18 09:47:08",279.00
3783843205,0,"2015-12-22 09:47:56",939.00
2146191398,0,"2015-12-18 09:47:08",875.00
2447517962,0,"2015-12-22 09:42:02",469.00
3873773980,0,"2015-12-18 09:47:08",589.00
22885531,0,"2015-12-18 09:47:08",559.00
506358684,0,"2015-12-18 09:47:09",889.00
1764317962,0,"2015-12-18 09:47:09",718.00
2267494950,0,"2015-12-18 09:47:09",279.00
1849990931,0,"2015-12-18 09:47:09",329.00
4149071529,0,"2015-12-18 09:48:10",259.00
284550062,0,"2015-11-11 15:30:39",297.00
889403487,0,"2015-11-25 07:58:19",519.00
3813408546,0,"2015-12-18 09:45:26",214.00
2100259457,0,"2015-12-18 09:45:27",214.00
170416663,0,"2015-12-18 09:45:27",214.00
2468416429,0,"2015-12-18 09:45:27",214.00
3827710779,0,"2015-12-18 09:45:27",214.00
1956193962,0,"2015-12-18 09:45:27",214.00
60692028,0,"2015-12-18 09:45:28",271.00
1666818009,0,"2015-12-18 09:45:28",285.00
341749583,0,"2015-12-18 09:45:28",299.00
2371354357,0,"2015-12-18 09:45:28",285.00
4199599715,0,"2015-12-18 09:45:29",285.00
1681152960,0,"2015-12-18 09:45:29",329.00
444934013,0,"2015-12-18 09:45:29",359.00
941504661,0,"2015-12-18 09:45:29",399.00
2702666031,0,"2015-12-18 09:45:30",619.00
3591395769,0,"2015-12-18 09:45:30",359.00
1185891368,0,"2015-12-18 09:45:30",359.00
833123518,0,"2015-12-18 09:45:30",259.00
1366293851,0,"2015-12-17 12:29:05",189.00
644402637,0,"2015-12-18 09:45:31",285.00
3210845303,0,"2015-12-22 10:28:18",289.00
1442986306,0,"2016-02-18 14:50:16",499.00
3087816814,0,"2015-11-27 11:57:04",273.00
3473631480,0,"2016-02-18 14:50:12",499.00
411157938,0,"2015-12-22 10:16:05",156.00
1871115556,0,"2015-12-23 13:45:41",189.00
4136608926,0,"2015-12-22 12:08:06",214.00
288852377,0,"2015-12-22 12:06:15",214.00
1714469135,0,"2016-02-18 14:50:08",214.00
116863210,0,"2016-01-25 10:44:32",285.00
1911554172,0,"2015-12-22 12:14:18",437.00
3908653510,0,"2016-02-18 14:50:22",494.00
2684248400,0,"2016-02-18 14:50:28",323.00
26932467,0,"2016-02-18 14:50:25",224.00
1990050917,0,"2015-11-27 11:56:10",189.00
1654388206,0,"2015-11-27 11:56:38",189.00
4220691540,0,"2015-11-27 11:55:47",189.00
2348306651,0,"2015-11-27 11:44:23",369.00
1274026100,0,"2015-11-27 11:44:49",369.00
1964576779,0,"2015-11-27 11:43:46",369.00
2602004775,0,"2015-11-27 11:58:02",289.00
1054210686,0,"2015-11-16 12:11:32",183.90
3467472394,0,"2015-11-16 13:04:07",215.90
3739724621,0,"2015-11-16 12:54:41",124.90
1839474616,0,"2015-11-16 11:42:52",116.90
680883628,0,"2015-11-16 12:21:44",144.40
2428613382,0,"2015-11-16 14:01:31",131.60
4275942097,0,"2015-11-27 11:57:35",289.00
1016284199,0,"2015-11-27 11:58:34",169.00
1109538970,0,"2015-11-27 12:05:27",169.00
1440907753,0,"2015-11-16 14:10:04",154.90
629699942,0,"2015-11-16 14:07:18",154.90
4117699637,0,"2015-11-16 16:07:27",279.00
2187865251,0,"2015-11-16 16:10:34",299.00
364573995,0,"2015-11-16 16:20:07",256.50
41569368,0,"2015-11-16 16:23:50",144.90
2608012770,0,"2015-11-16 16:27:58",144.90
85428289,0,"2015-11-16 16:30:59",128.90
211928170,0,"2015-11-16 16:35:36",128.90
2074539260,0,"2015-11-16 16:37:08",399.00
693575579,0,"2015-11-16 16:52:26",229.90
3224681134,0,"2015-11-16 16:52:45",210.00
3073608248,0,"2015-11-16 16:55:09",194.60
663525289,0,"2015-11-16 16:59:43",194.60
1351329599,0,"2015-11-16 17:02:08",210.10
2839904096,0,"2015-11-23 10:16:38",164.90
3643771887,0,"2015-11-23 11:26:37",164.90
2921905017,0,"2015-11-22 18:57:59",140.20
2131605533,0,"2015-11-27 12:10:14",169.00
3859081639,0,"2015-11-27 12:09:09",273.00
3393486461,0,"2015-11-27 12:09:47",169.00
4264778504,0,"2015-11-27 12:08:38",273.00
1616367275,0,"2015-11-27 12:07:38",299.00
2035089386,0,"2015-11-27 12:07:10",299.00
1895478209,0,"2015-11-27 12:04:41",169.00
3422894474,0,"2015-11-27 11:55:03",299.00
3161443589,0,"2015-11-27 12:08:06",169.00
2977091023,0,"2015-11-27 12:10:49",169.00
3239590208,0,"2015-11-27 11:46:12",299.00
3638865964,0,"2015-11-27 11:46:41",299.00
3750327349,0,"2015-11-27 11:47:25",169.00
2704803976,0,"2015-11-27 11:45:18",231.00
3331474804,0,"2015-11-27 11:45:40",299.00
301944851,0,"2015-11-27 12:02:36",199.00
1637196956,0,"2015-11-27 11:59:14",169.00
3133170475,0,"2015-11-18 14:08:33",105.00
484593881,0,"2015-11-27 12:03:10",129.00
2846594745,0,"2015-11-27 12:03:53",149.00
1086862220,0,"2015-11-24 09:39:30",130.00
936313626,0,"2015-11-27 12:01:35",193.00
2932232864,0,"2015-11-24 09:38:10",130.00
3653329462,0,"2015-12-23 12:20:32",139.00
1233026983,0,"2015-11-24 08:40:39",130.00
1048137521,0,"2015-12-23 12:20:19",159.00
1589561044,0,"2015-11-27 11:47:06",85.00
700053058,0,"2015-11-24 09:47:14",130.00
2964367352,0,"2015-11-24 08:45:11",130.00
3350697838,0,"2015-11-27 12:43:19",159.00
1507001037,0,"2015-11-24 08:46:12",220.00
785658459,0,"2015-11-27 10:12:44",199.00
660766320,0,"2015-11-30 10:01:45",199.00
3643202075,0,"2015-11-27 12:01:11",193.00
2921458317,0,"2015-11-24 09:44:29",195.00
3729464834,0,"2015-12-23 12:14:59",69.00
809860910,0,"2015-11-27 12:00:11",169.00
1195528120,0,"2015-11-24 08:43:55",130.00
3623703081,0,"2015-11-24 08:37:14",130.00
775129718,0,"2015-11-24 10:25:39",320.00
1496627936,0,"2015-11-24 10:46:07",320.00
3343920963,0,"2015-11-27 11:59:45",169.00
2958499797,0,"2016-02-17 11:10:01",199.00
694046319,0,"2015-12-23 12:15:45",199.00
1582923513,0,"2015-11-27 12:00:41",299.00
3471205224,0,"2015-12-23 12:24:41",199.00
2214155045,0,"2015-11-19 10:59:22",320.00
4110312371,0,"2015-11-27 11:17:48",319.00
1844916745,0,"2015-11-27 11:50:02",189.00
451936927,0,"2015-11-24 11:45:27",130.00
4086540202,0,"2015-11-27 11:10:54",319.00
1788540432,0,"2015-11-27 11:49:16",105.00
496879238,0,"2015-11-27 11:50:58",189.00
2367871767,0,"2015-11-24 12:07:13",130.00
4196789121,0,"2015-11-27 12:29:22",159.00
2598527588,0,"2015-12-23 12:14:48",125.00
3991229170,0,"2015-11-24 12:16:31",130.00
1961624392,0,"2015-11-27 11:28:46",105.00
65745886,0,"2015-11-27 10:31:42",359.00
2643437181,0,"2015-11-24 12:35:07",130.00
2894023687,0,"2015-11-27 10:54:19",359.00
3149919604,0,"2015-11-24 12:34:46",130.00
582395086,0,"2015-12-23 12:22:35",249.00
1437701208,0,"2015-11-27 11:50:32",189.00
3167891821,0,"2015-11-27 11:01:14",359.00
635134167,0,"2015-12-23 12:15:11",79.00
3261287888,0,"2015-11-27 11:51:22",189.00
3043261766,0,"2015-11-24 12:57:49",130.00
1009248699,0,"2015-11-24 13:09:11",130.00
2771302401,0,"2015-11-27 11:52:42",119.00
1280122164,0,"2015-11-24 13:20:59",130.00
994717090,0,"2015-11-24 14:02:02",120.00
2722331672,0,"2015-11-24 13:56:41",130.00
3578023054,0,"2015-11-27 12:02:12",299.00
624744698,0,"2015-11-27 11:52:14",74.90
3409099222,0,"2016-01-19 15:48:25",208.00
1431710837,0,"2016-02-17 11:10:37",79.00
575741155,0,"2015-11-27 11:52:29",159.00
736579784,0,"2015-11-23 14:15:26",219.00
2184919314,0,"2016-01-20 12:18:39",299.00
1815435326,0,"2016-01-20 12:21:36",273.00
4065447325,0,"2016-01-19 16:46:23",130.00
1800969255,0,"2016-01-19 15:45:36",234.00
476032177,0,"2016-01-20 08:47:44",208.00
2363535648,0,"2016-01-20 12:26:53",169.00
4226253238,0,"2015-11-27 11:49:35",339.00
3961993413,0,"2015-11-27 11:49:09",339.00
1965975935,0,"2016-01-19 15:55:41",143.00
36264425,0,"2016-01-19 15:58:22",338.00
2622344266,0,"2015-11-27 11:48:41",299.00
3947560156,0,"2015-12-23 12:23:03",199.00
1917037926,0,"2016-01-20 12:24:24",338.00
88382960,0,"2015-11-27 11:47:50",299.00
2516287585,0,"2015-11-27 11:54:20",145.00
3808211191,0,"2016-01-20 08:55:08",338.00
807353195,0,"2015-11-27 12:36:04",179.00
2927341256,0,"2016-02-17 11:10:04",199.00
3648822878,0,"2015-11-27 12:45:04",159.00
930283378,0,"2015-12-23 12:14:35",239.00
2815288035,0,"2015-11-27 12:28:16",189.00
3502953077,0,"2017-03-23 13:39:54",349.00
2437991552,0,"2015-11-20 10:56:03",58.89
2136911276,0,"2015-11-27 11:18:37",189.00
3778689039,0,"2015-11-20 12:08:06",150.00
255088931,0,"2015-12-23 12:15:22",159.00
2016635317,0,"2015-11-22 18:48:40",199.00
2741415426,0,"2015-12-23 12:08:58",119.00
2752211483,0,"2015-12-23 12:08:39",75.00
3669628582,0,"2015-12-23 12:08:17",75.00
3128794947,0,"2015-11-23 10:39:47",279.00
3390532556,0,"2015-12-23 12:07:58",75.00
3171965786,0,"2015-11-23 10:54:05",339.00
605620960,0,"2015-12-23 12:09:09",89.00
3030783857,0,"2015-12-23 12:09:23",99.00
982009749,0,"2015-12-23 12:13:51",99.00
1144601384,0,"2015-12-23 12:09:37",79.00
3404780513,0,"2015-12-23 12:14:05",69.00
3130664814,0,"2015-12-23 12:14:18",99.00
2703233115,0,"2015-11-24 12:48:52",289.00
3101464887,0,"2015-11-24 15:46:54",148.90
28151175,0,"2015-11-25 07:51:57",163.40
713088580,0,"2015-11-25 08:44:38",139.90
3034860519,0,"2015-11-25 09:08:31",139.30
1525295819,0,"2015-11-25 09:03:27",139.90
770513501,0,"2015-11-25 09:44:22",335.30
3176269772,0,"2015-11-25 10:07:43",342.30
3394582362,0,"2015-11-25 09:46:42",139.90
3717565993,0,"2015-11-25 10:50:37",339.00
2919201446,0,"2015-11-25 11:41:44",399.00
1139874698,0,"2015-11-25 12:02:19",209.90
2094692802,0,"2015-11-25 11:26:54",156.80
3804163169,0,"2015-11-25 12:14:21",283.50
2511985911,0,"2015-11-25 12:06:13",217.00
363576332,0,"2015-11-25 12:45:33",279.30
1655475354,0,"2015-11-26 09:52:14",304.50
1742969375,0,"2015-11-26 13:16:08",314.30
633277458,0,"2015-11-27 07:52:28",139.30
1387805828,0,"2015-11-27 08:26:31",237.30
2720469213,0,"2015-11-27 08:58:34",459.00
753858580,0,"2015-11-27 10:11:04",279.30
473677940,0,"2015-11-27 10:42:12",279.30
4116211009,0,"2015-11-27 11:24:58",279.30
3470281704,0,"2015-11-30 08:13:45",279.30
3732223618,0,"2015-11-30 08:43:05",237.30
2436145221,0,"2015-11-30 09:59:54",237.30
4165297547,0,"2015-11-30 12:04:34",339.00
2174344495,0,"2015-11-30 13:38:02",237.30
2758739678,0,"2015-12-02 11:18:17",329.00
1030117220,0,"2015-12-02 10:43:29",189.00
2891545684,0,"2015-12-14 09:29:58",237.30
894447086,0,"2015-12-02 09:17:53",245.00
219581375,0,"2015-12-02 11:06:43",188.30
336444158,0,"2015-12-02 11:08:57",328.00
1070027024,0,"2015-12-02 13:44:49",269.00
3099129330,0,"2015-12-02 14:02:29",188.30
651976785,0,"2015-12-03 07:32:19",188.30
30007618,0,"2015-12-03 09:11:26",188.30
2440494291,0,"2015-12-03 11:02:45",188.30
3866217541,0,"2015-12-03 12:29:06",174.30
1575191063,0,"2015-12-08 07:59:53",188.30
2955635651,0,"2015-12-08 08:25:36",174.30
1315950504,0,"2015-12-08 09:24:23",314.30
3189201884,0,"2015-12-08 10:25:01",342.30
3824550730,0,"2015-12-08 11:42:32",314.50
1221144690,0,"2015-12-09 08:30:31",283.50
1070465252,0,"2015-12-09 09:23:01",234.50
126396085,0,"2015-12-10 07:57:53",272.30
2421849917,0,"2015-12-10 08:41:42",335.00
4036884184,0,"2015-12-10 09:21:20",199.00
1119483041,0,"2015-12-14 07:50:39",379.00
3705495810,0,"0000-00-00 00:00:00",359.00
2455674354,0,"2015-12-14 08:30:54",272.30
3189639720,0,"2015-12-14 09:03:50",370.30
962703050,0,"2015-12-14 10:55:16",405.00
761765697,0,"2015-12-14 13:49:17",251.30
3003321058,0,"2015-12-16 07:49:41",405.00
515108785,0,"2015-12-16 08:34:54",321.30
3058324593,0,"2015-12-16 09:49:01",314.30
653609440,0,"2015-12-16 10:10:35",309.00
2319451884,0,"2015-12-16 11:14:17",265.30
3405761027,0,"2015-12-16 14:17:26",234.50
1592499059,0,"2015-12-16 13:51:04",297.00
3353529033,0,"2015-12-16 14:23:32",297.00
780234748,0,"2015-12-17 09:04:34",265.30
657925079,0,"2015-12-16 14:29:31",297.00
1206954546,0,"2015-12-16 14:34:10",297.00
2852047646,0,"2015-12-16 14:38:54",297.00
3650371473,0,"2015-12-16 14:44:34",297.00
1227563520,0,"2015-12-16 14:56:33",297.00
1693156219,0,"2015-12-17 08:51:08",100.00
2330321495,0,"2015-12-17 09:00:58",100.00
344029172,0,"2015-12-17 09:05:01",100.00
1669744482,0,"2015-12-17 09:09:43",100.00
4203681496,0,"2015-12-17 09:14:46",129.90
2374510158,0,"2015-12-17 09:17:28",100.00
490159071,0,"2015-12-17 09:59:34",223.30
1781533513,0,"2015-12-17 09:21:11",100.00
1554851114,0,"2015-12-17 09:23:51",100.00
732566972,0,"2015-12-17 09:25:54",100.00
2997044230,0,"2015-12-17 09:33:47",100.00
3315889296,0,"2015-12-17 09:36:04",100.00
1539367219,0,"2015-12-17 09:52:13",100.00
751292837,0,"2015-12-17 09:51:48",100.00
1013624015,0,"2015-12-17 10:01:22",100.90
2157258372,0,"2015-12-17 11:33:31",365.00
4153546258,0,"2015-12-17 10:07:13",100.00
4043297291,0,"2015-12-17 10:11:34",100.00
504761098,0,"2015-12-17 13:03:29",254.80
4274250260,0,"2015-12-17 13:33:19",237.30
3873124636,0,"2016-03-09 15:30:59",174.00
3723995898,0,"2016-02-29 13:09:06",260.00
249895613,0,"2015-12-29 09:58:43",111.00
2424409886,0,"2015-12-29 10:11:09",174.00
2123361842,0,"2015-12-29 10:32:31",143.00
4193274576,0,"2015-12-29 10:43:04",176.00
4271738569,0,"2015-12-29 11:11:34",123.00
615499762,0,"2016-01-20 13:40:57",245.00
2858823483,0,"2015-12-29 12:10:17",192.00
1124436494,0,"2015-12-29 12:29:59",335.00
406990146,0,"2015-12-29 12:39:39",282.00
4132195438,0,"2015-12-29 12:48:47",196.00
1747507661,0,"2015-12-29 12:59:55",187.00
2250684641,0,"2015-12-29 13:08:08",323.00
1637783014,0,"2015-12-29 13:16:19",155.00
4015488303,0,"2016-01-20 13:51:39",88.00
104126490,0,"2015-12-29 13:28:09",94.00
3896162614,0,"2015-12-29 13:32:46",168.00
2022024359,0,"2016-01-20 13:38:28",269.00
2667570071,0,"2016-01-04 12:17:25",179.00
2034749072,0,"2016-01-04 12:31:51",179.00
2715058655,0,"2016-01-04 13:22:15",179.00
1068504188,0,"2016-01-04 13:51:49",179.00
1827142121,0,"2016-01-19 13:35:51",139.00
2881497545,0,"2016-01-20 08:07:30",139.00
1733646093,0,"2016-01-20 08:23:45",139.00
127065832,0,"2016-01-20 08:47:05",139.00
16718577,0,"2016-01-20 08:51:44",139.00
4008803293,0,"2016-01-20 09:00:16",125.90
2583055179,0,"2016-01-20 09:39:52",139.00
3520731541,0,"2016-01-20 09:37:57",203.00
1337887798,0,"2016-01-20 09:55:29",112.00
1112368421,0,"2016-01-25 11:47:11",126.00
3678680223,0,"2016-01-25 11:52:22",126.00
2871967760,0,"2016-01-26 11:32:06",174.90
1284959511,0,"2016-05-02 12:02:02",174.90
3261007326,0,"2016-05-02 12:01:22",174.90
2989879633,0,"2016-01-25 11:20:28",196.00
280792642,0,"2016-01-25 11:26:34",279.00
4009241129,0,"2016-01-25 11:24:24",315.00
4198095818,0,"2016-02-15 14:09:57",149.00
3992543929,0,"2016-02-15 14:09:57",135.00
2600358447,0,"2016-02-15 14:09:58",225.00
2643695158,0,"2016-02-15 14:09:58",225.00
1939732250,0,"2016-02-15 14:09:57",140.00
3250189667,0,"2016-02-15 14:09:58",165.00
861955939,0,"2016-01-27 08:18:21",139.90
2859022041,0,"2016-01-27 08:20:09",139.90
3714975311,0,"2016-01-27 08:23:03",139.90
1305549790,0,"2016-01-27 08:27:09",139.90
987114312,0,"2016-01-27 08:29:57",139.90
2466923154,0,"2016-01-27 08:33:00",139.90
3826086404,0,"2016-01-27 08:38:41",139.90
2097423294,0,"2016-01-27 08:40:51",139.90
167973672,0,"2016-01-27 08:42:57",139.90
2489812619,0,"2016-01-27 08:45:16",139.90
3814766109,0,"2016-01-27 08:47:36",139.90
2053760935,0,"2016-01-27 08:49:40",139.90
225367857,0,"2016-01-27 08:51:39",139.90
2647771808,0,"2016-01-27 14:06:20",141.90
3474989511,0,"2016-02-05 11:27:55",648.00
3254495733,0,"2016-01-27 14:08:25",141.90
4150691734,0,"2016-01-27 14:11:26",141.90
2153887488,0,"2016-01-27 14:13:13",141.90
426305210,0,"2016-01-27 14:15:01",141.90
1852823084,0,"2016-01-27 14:16:58",141.90
4027270031,0,"2016-01-27 14:18:49",141.90
2265740057,0,"2016-01-27 14:20:39",141.90
503653027,0,"2016-01-27 14:22:19",141.90
1761743413,0,"2016-01-27 14:24:02",141.90
4189917092,0,"2016-01-27 14:25:27",141.90
2394570546,0,"2016-01-27 14:26:50",141.90
4001216215,0,"2016-01-27 14:28:14",141.90
2574943809,0,"2016-01-27 14:29:47",141.90
119411682,0,"2016-01-28 07:41:37",189.90
1880695668,0,"2016-01-28 07:56:07",189.90
2543914611,0,"2016-01-28 07:58:30",189.90
2992100738,0,"2016-01-28 08:01:01",189.90
727614520,0,"2016-01-28 08:05:35",189.90
1549382830,0,"2016-01-28 08:08:29",189.90
3258786061,0,"2016-01-28 08:10:28",189.90
3040481691,0,"2016-01-28 08:13:19",189.90
741556257,0,"2016-01-28 08:15:24",189.90
1530163383,0,"2016-01-28 08:17:31",189.90
3414912294,0,"2016-01-28 08:19:43",189.90
3163315632,0,"2016-01-28 08:30:14",189.90
843429241,0,"2016-01-28 10:40:48",116.90
3676704844,0,"2016-01-28 10:43:50",116.90
2887852250,0,"2016-01-28 10:45:20",116.90
891842912,0,"2016-01-28 11:53:34",116.90
1540606106,0,"2016-01-28 11:56:24",116.90
3051202998,0,"2016-01-28 11:58:55",116.90
3269105952,0,"2016-01-28 12:01:56",116.90
1555958915,0,"2016-01-28 12:11:33",116.90
2997906863,0,"2016-01-28 12:15:56",116.90
3317128505,0,"2016-01-28 12:17:45",116.90
1426604200,0,"2016-01-28 12:19:55",116.90
571437118,0,"2016-01-28 12:23:44",116.90
1120467419,0,"2016-01-28 12:30:19",116.90
3686901857,0,"2016-01-28 12:35:29",116.90
1168457154,0,"2016-01-28 12:38:04",116.90
849481044,0,"2016-01-28 12:40:43",116.90
2880134382,0,"2016-01-28 12:42:39",116.90
3702287480,0,"2016-01-28 12:44:51",116.90
1292932000,0,"2016-03-03 10:10:19",1369.00
2863185575,0,"2016-02-01 08:17:35",318.00
3719269937,0,"2016-03-03 10:10:26",1429.90
3177711572,0,"2016-03-03 10:10:36",1479.00
3396286274,0,"2016-01-29 14:44:28",759.00
2206273451,0,"2016-03-03 10:10:45",1459.00
1838116487,0,"2016-03-03 10:09:55",1278.00
4247810838,0,"2016-03-03 10:10:54",769.00
2318877568,0,"2016-03-03 10:10:04",659.00
3941648997,0,"2016-03-03 10:10:12",1459.00
2650274547,0,"2016-02-25 12:42:08",379.00
83798857,0,"2016-02-25 12:52:17",539.00
1945738207,0,"2016-03-03 10:16:58",498.00
1955880902,0,"2016-02-01 08:40:57",269.00
2469163713,0,"2016-02-01 08:49:28",218.00
3252525478,0,"2016-02-25 12:09:48",169.00
3067783472,0,"2016-02-25 12:28:11",599.00
802420874,0,"2016-02-25 12:32:16",439.00
1490339868,0,"2016-02-25 12:36:40",239.00
2981588265,0,"2016-02-01 08:49:09",349.00
1605962757,0,"2016-02-25 11:31:37",369.00
3473281428,0,"2016-02-25 11:35:22",229.00
3087081730,0,"2016-02-25 11:27:19",319.00
3636898023,0,"2016-02-25 11:38:24",169.00
2948700273,0,"2016-02-25 12:07:15",169.00
919128523,0,"2016-02-24 18:41:02",178.00
1104148829,0,"2016-02-24 18:28:36",359.00
2829868136,0,"2016-02-24 18:34:34",269.00
832900562,0,"2016-02-24 18:18:15",309.00
1185037636,0,"2016-02-02 11:26:18",829.00
2702839875,0,"2016-02-01 10:32:29",148.00
1600042024,0,"2016-02-24 19:20:32",159.00
3327649170,0,"2016-03-03 09:45:54",219.00
1479766065,0,"2016-02-11 08:07:31",279.00
791953575,0,"2016-02-24 19:01:52",249.00
646057100,0,"2016-02-24 18:57:39",298.00
1178961257,0,"2016-02-02 12:25:57",139.00
826455551,0,"2016-02-24 18:24:29",228.00
2823545925,0,"2016-02-02 13:50:19",388.00
720929482,0,"2016-02-25 12:19:22",189.00
3443568589,0,"2016-02-25 12:15:19",439.00
3125256027,0,"2016-02-25 12:21:51",179.00
2867520049,0,"2016-03-03 10:12:01",269.00
870560651,0,"2016-03-03 10:12:19",409.00
1155826461,0,"2016-03-03 10:08:15",2169.00
3562774156,0,"2016-02-25 12:45:23",949.00
2740760090,0,"2016-03-03 10:07:58",369.00
1561856625,0,"2016-10-03 07:06:29",1159.00
706689767,0,"2016-03-03 10:08:42",699.00
3004590941,0,"2016-02-10 13:16:12",1159.00
3289471947,0,"2016-02-04 09:04:02",579.00
3028004676,0,"2016-02-04 09:20:34",139.90
1405321795,0,"2016-02-10 13:22:35",369.00
1141062448,0,"0000-00-00 00:00:00",369.00
855903142,0,"2016-03-03 10:12:24",318.00
2483284558,0,"2016-03-03 10:15:09",519.00
4196395929,0,"2016-02-04 12:53:45",298.00
326913708,0,"2016-03-03 10:15:00",288.00
2760968567,0,"2016-03-03 10:28:49",249.00
3008475140,0,"2017-03-10 08:46:36",249.00
3294003346,0,"2016-03-03 10:28:14",219.00
1566560552,0,"2016-03-03 10:28:32",439.00
710468030,0,"2016-03-03 10:28:49",419.00
3275441291,0,"2016-03-03 10:16:17",209.00
1513231665,0,"0000-00-00 00:00:00",189.00
758457767,0,"2016-03-03 10:14:49",169.00
3398240416,0,"2016-03-03 10:14:31",316.00
4017869649,0,"2016-03-03 10:15:50",199.00
1987216107,0,"2016-03-03 10:16:03",509.00
3893761864,0,"2016-03-03 10:15:50",539.00
102266468,0,"0000-00-00 00:00:00",539.00
2527554549,0,"2016-03-03 10:28:25",269.00
3785382755,0,"2016-02-08 12:26:51",169.00
4133544464,0,"2016-03-03 10:32:11",348.00
2248808095,0,"2016-03-03 10:33:00",328.00
520308517,0,"2016-03-03 10:32:14",319.00
2560318442,0,"2016-03-03 10:36:50",229.00
2133030637,0,"2017-01-14 15:44:51",369.00
1759760286,0,"2016-03-03 10:36:54",319.00
3764531540,0,"2016-02-25 11:24:30",258.00
430762251,0,"2016-02-11 08:22:45",279.00
2278063272,0,"2016-03-03 09:45:58",369.00
1774591364,0,"2016-03-03 09:43:58",308.00
515976466,0,"2016-02-24 19:07:53",319.00
2390634627,0,"2016-03-02 09:45:27",259.00
4185456661,0,"2016-02-11 09:15:45",278.00
1882887400,0,"2016-03-02 09:42:24",259.00
2654270916,0,"2016-03-02 09:58:41",359.00
2002211057,0,"2016-03-02 09:28:34",379.00
166079564,0,"2016-02-24 18:47:02",289.00
2128682202,0,"0000-00-00 00:00:00",269.00
505845055,0,"0000-00-00 00:00:00",529.00
1763812777,0,"0000-00-00 00:00:00",419.00
285023501,0,"2016-03-03 10:06:39",129.00
1744448923,0,"2016-03-02 09:40:05",148.00
3449983023,0,"2016-03-03 10:05:58",148.00
3131416761,0,"2016-03-03 10:06:26",218.00
1420542357,0,"2016-03-03 10:06:15",179.00
3402585142,0,"0000-00-00 00:00:00",289.00
3028166795,0,"0000-00-00 00:00:00",409.00
3568935278,0,"0000-00-00 00:00:00",409.00
985120834,0,"0000-00-00 00:00:00",409.00
3789686773,0,"2016-03-03 10:12:11",349.00
2531604323,0,"2016-03-03 10:12:14",308.00
2028688975,0,"2016-02-25 12:12:50",219.00
2673048392,0,"2016-03-03 10:32:19",369.00
2848871723,0,"2016-02-24 18:51:22",269.00
3737740733,0,"2016-02-12 08:31:09",179.00
1203778567,0,"2016-02-12 08:37:25",299.00
818349201,0,"2016-03-03 09:56:59",239.00
2929955122,0,"2016-02-12 09:04:49",159.00
3651445156,0,"2016-03-03 09:51:27",299.00
1085141022,0,"2017-01-14 14:59:23",219.00
314286932,0,"2016-03-03 10:12:39",548.00
1610057384,0,"2016-02-17 11:11:00",169.00
3247641355,0,"2016-02-17 11:10:12",379.00
3063161757,0,"2016-02-17 11:10:53",79.00
798847527,0,"2016-02-17 11:10:12",179.00
1486504625,0,"2016-02-17 11:10:47",179.00
3357892384,0,"2016-02-17 11:10:16",69.00
3756385875,0,"2016-02-17 11:10:55",199.00
2833438405,0,"2016-02-17 11:10:22",199.00
837519231,0,"2016-02-17 11:10:41",179.00
3510529633,0,"2016-02-18 10:46:12",214.00
2211415302,0,"2016-02-18 10:46:04",559.00
4087705993,0,"2016-02-18 10:46:10",349.00
497750181,0,"2016-02-18 10:45:59",264.00
4195564962,0,"2016-02-18 10:45:42",328.00
578843373,0,"2016-02-18 10:46:01",218.00
3420706776,0,"2016-02-18 10:45:38",247.00
1391101538,0,"2016-02-18 10:45:31",279.00
3260390387,0,"2016-02-18 10:45:20",319.00
3886235650,0,"2016-02-18 11:11:30",319.00
162341166,0,"2016-02-18 11:13:20",319.00
2043139489,0,"2016-02-18 11:53:08",347.00
2311012821,0,"2016-02-18 11:59:13",228.00
1739661561,0,"2016-02-18 12:11:29",228.00
4033083761,0,"2016-02-18 12:21:01",399.00
2536377504,0,"2016-02-18 12:30:25",169.00
3880056879,0,"2016-02-18 12:38:49",319.00
16569640,0,"2016-02-18 12:53:45",319.00
389835867,0,"2016-02-18 13:11:01",339.00
2385853921,0,"2016-02-18 13:30:44",228.00
4267690350,0,"2016-02-18 13:41:09",237.00
434627689,0,"2016-02-18 14:24:05",189.00
110410606,0,"2016-02-18 14:31:36",166.00
3902462530,0,"2016-02-18 14:45:33",179.00
3079768514,0,"2016-02-22 08:41:54",349.00
3612737575,0,"2016-02-22 08:56:18",349.00
962093323,0,"2016-02-22 09:11:49",349.00
3493577790,0,"2016-02-22 09:41:57",347.00
1043703058,0,"2016-02-22 10:06:17",399.00
3649931285,0,"2016-02-22 11:01:58",275.00
123130201,0,"2016-02-22 11:13:00",228.00
2000430550,0,"2016-02-22 11:33:18",215.00
2570208506,0,"2016-02-22 11:49:18",224.00
160258411,0,"2016-02-22 12:35:34",256.00
2269426082,0,"2016-02-22 12:44:56",294.00
1848054935,0,"2016-02-22 12:58:12",199.00
2150200763,0,"2016-04-29 06:41:50",279.00
1114080077,0,"2016-02-22 14:16:40",1790.25
2892620385,0,"2016-06-20 12:54:14",409.00
653065828,0,"0000-00-00 00:00:00",39.00
2710788742,0,"2017-03-07 13:58:04",39.00
949619516,0,"0000-00-00 00:00:00",39.00
1223753651,0,"0000-00-00 00:00:00",49.00
3629113890,0,"0000-00-00 00:00:00",36.00
2618900154,0,"0000-00-00 00:00:00",36.00
2608134819,0,"0000-00-00 00:00:00",59.00
197912370,0,"0000-00-00 00:00:00",45.00
2231504891,0,"0000-00-00 00:00:00",206.00
1708648165,0,"0000-00-00 00:00:00",199.00
1075920148,0,"0000-00-00 00:00:00",39.00
1196226829,0,"0000-00-00 00:00:00",45.00
972916144,0,"0000-00-00 00:00:00",39.00
693172442,0,"0000-00-00 00:00:00",96.00
1474397287,0,"0000-00-00 00:00:00",144.00
2406665000,0,"0000-00-00 00:00:00",119.00
4279779239,0,"0000-00-00 00:00:00",119.00
135098314,0,"0000-00-00 00:00:00",177.00
2432974448,0,"0000-00-00 00:00:00",177.00
1992037239,0,"0000-00-00 00:00:00",69.00
1569800372,0,"0000-00-00 00:00:00",99.00
1295793630,0,"0000-00-00 00:00:00",99.00
864895331,0,"0000-00-00 00:00:00",109.00
3452560648,0,"0000-00-00 00:00:00",99.00
3181580679,0,"0000-00-00 00:00:00",129.00
615137341,0,"0000-00-00 00:00:00",159.00
1306232307,0,"0000-00-00 00:00:00",144.00
1035039100,0,"0000-00-00 00:00:00",138.00
80872759,0,"0000-00-00 00:00:00",69.00
3987841026,0,"0000-00-00 00:00:00",119.00
2227201484,0,"0000-00-00 00:00:00",48.00
2095769591,0,"0000-00-00 00:00:00",49.00
209720184,0,"0000-00-00 00:00:00",48.00
2508800706,0,"0000-00-00 00:00:00",39.00
549487778,0,"0000-00-00 00:00:00",45.00
665665723,0,"0000-00-00 00:00:00",129.00
3382911383,0,"0000-00-00 00:00:00",69.00
1495022598,0,"0000-00-00 00:00:00",119.00
2698175577,0,"2016-02-29 12:41:51",129.90
1052144122,0,"2016-02-29 12:45:13",129.90
1236353388,0,"2016-02-29 12:46:01",129.90
3501723862,0,"2016-02-29 12:46:35",129.90
2814320704,0,"2016-02-29 12:47:05",129.90
922762705,0,"2016-02-29 12:47:32",129.90
2687851636,0,"2016-02-29 13:01:52",91.00
3775571514,0,"0000-00-00 00:00:00",498.00
3937929438,0,"2016-05-19 12:09:05",399.00
2047284559,0,"2016-03-04 12:39:50",658.00
218113497,0,"2016-05-19 12:08:44",395.00
1532658271,0,"2016-03-04 12:21:28",361.00
1000147898,0,"2016-05-19 12:08:21",395.00
1285176108,0,"2016-05-19 12:07:58",395.00
2727631360,0,"2016-10-10 08:36:06",594.00
997897111,0,"2016-03-04 11:43:08",419.00
267005647,0,"2016-03-04 13:00:10",139.90
3789836259,0,"2016-03-04 13:02:50",139.90
1901810290,0,"2016-03-04 13:09:14",139.90
106717924,0,"2016-03-04 13:04:40",139.90
1721494273,0,"2016-03-04 13:13:50",139.90
295492503,0,"2016-03-04 13:15:12",139.90
2291501613,0,"2016-03-04 13:17:34",139.90
2639384977,0,"2016-03-07 10:47:54",325.00
2062154902,0,"2016-03-07 10:47:51",542.00
3323360989,0,"2016-05-13 12:34:32",325.00
2970699339,0,"2016-05-13 12:30:10",459.00
796251112,0,"2016-05-13 12:27:59",429.00
3061613138,0,"2016-05-13 12:27:00",349.00
650354627,0,"2016-05-13 12:26:04",488.00
1371844437,0,"2016-05-13 12:25:16",759.00
3742189468,0,"2016-03-07 13:55:06",44.00
2356561877,0,"2016-03-11 11:03:25",4
2218802527,0,"2016-03-14 11:46:49",114.90
4081520073,0,"2016-03-14 11:52:16",114.90
1677201496,0,"2016-03-14 11:54:00",114.90
352264398,0,"2016-03-14 11:55:10",114.90
1070756621,0,"2016-03-14 11:57:42",114.90
1595276008,0,"2016-03-14 11:58:39",114.90
672320126,0,"2016-03-14 11:59:36",114.90
2971376580,0,"2016-03-14 12:00:41",114.90
3323767634,0,"2016-03-14 12:01:43",114.90
1484275441,0,"2016-03-14 12:02:40",114.90
3061211101,0,"2016-03-14 12:05:00",114.90
3245436747,0,"2016-03-14 12:06:01",114.90
1372484314,0,"2016-03-14 12:07:02",114.90
650723916,0,"2016-03-14 12:07:55",114.90
273968175,0,"2016-03-14 12:09:05",114.90
3353264485,0,"2016-04-04 13:53:58",319.80
3232957820,0,"2016-04-04 13:40:28",319.80
1342970093,0,"2016-04-04 13:45:47",295.00
655042683,0,"2016-04-05 14:31:00",319.00
1130884479,0,"2016-04-05 14:27:02",319.80
1395468344,0,"2016-04-04 14:17:20",399.00
606738606,0,"2016-04-05 14:15:51",148.00
3444161947,0,"2016-04-05 14:10:28",309.00
591912119,0,"2016-04-05 13:56:02",199.00
3305107888,0,"2016-04-05 13:39:15",295.00
1297866080,0,"2016-03-18 14:01:51",97.00
1280851753,0,"2016-04-04 14:13:25",439.00
3321631737,0,"2016-04-05 13:30:07",148.00
574897918,0,"2016-04-05 07:59:38",199.00
1675501579,0,"2016-04-04 14:05:17",199.00
2379235623,0,"2016-04-05 13:23:15",399.00
1689510930,0,"2016-04-05 13:01:28",175.00
436377775,0,"2016-04-05 11:21:41",175.00
1829087289,0,"2016-04-04 13:57:53",148.00
2675564162,0,"2016-03-24 13:56:16",279.00
3747870422,0,"0000-00-00 00:00:00",29.00
1697895091,0,"2016-04-01 13:56:55",199.00
1268338303,0,"2016-04-06 08:06:53",199.00
1017020137,0,"2016-04-06 08:09:41",219.00
2778148691,0,"2016-04-06 07:44:29",59.00
1291094630,0,"2016-04-06 07:37:44",59.00
1005828848,0,"2016-04-06 07:35:41",59.00
2734353226,0,"2016-04-06 07:32:12",53.10
81320120,0,"2016-04-06 08:01:27",199.00
3939940756,0,"2016-04-06 11:53:43",649.00
2979077848,0,"2016-04-15 11:13:42",949.00
556663625,0,"0000-00-00 00:00:00",859.00
1445540831,0,"2016-04-06 12:40:23",239.00
3967358906,0,"2016-04-19 06:37:35",169.00
3074339062,0,"2016-04-08 12:04:42",219.00
1583158723,0,"2016-04-15 10:51:48",279.00
2958259439,0,"2016-04-15 10:51:51",299.00
3431255630,0,"0000-00-00 00:00:00",51.20
2983529048,0,"2016-04-29 12:18:31",269.25
4198486142,0,"2016-04-29 12:10:02",269.25
2369315048,0,"2016-04-29 12:14:44",232.00
1664516548,0,"2016-04-29 12:39:16",56.18
4250014823,0,"2016-04-29 12:34:32",56.18
1612165393,0,"2016-04-25 13:06:27",88.75
3385579723,0,"0000-00-00 00:00:00",82.35
3201099869,0,"0000-00-00 00:00:00",79.15
2365229791,0,"0000-00-00 00:00:00",54.75
1660218355,0,"0000-00-00 00:00:00",54.40
2341949126,0,"0000-00-00 00:00:00",99.95
2514598814,0,"2016-04-26 13:31:15",199.00
216590884,0,"2016-04-26 12:55:04",99.00
1906253409,0,"2016-04-29 06:30:20",189.00
4026239938,0,"0000-00-00 00:00:00",58.35
2257210892,0,"2016-05-04 06:43:31",299.00
1753493280,0,"0000-00-00 00:00:00",84.75
2179435029,0,"0000-00-00 00:00:00",76.75
1877601081,0,"0000-00-00 00:00:00",126.30
2287060542,0,"0000-00-00 00:00:00",62.35
4011602927,0,"0000-00-00 00:00:00",66.35
109024986,0,"0000-00-00 00:00:00",142.30
3899783158,0,"0000-00-00 00:00:00",64.75
2827773839,0,"2016-04-29 06:54:02",338.00
3750450969,0,"2016-04-29 09:07:47",338.00
830813749,0,"2016-04-29 11:32:32",338.00
2704944036,0,"2016-04-29 07:13:49",338.00
3594328882,0,"2016-04-29 10:34:51",260.00
3069874903,0,"2016-04-29 12:27:51",78.00
3254624833,0,"2016-05-15 09:55:52",221.00
3475384947,0,"2016-05-02 12:26:57",139.00
3939561858,0,"2016-04-29 10:15:41",156.75
3729341742,0,"2016-05-03 08:04:48",859.00
3118690514,0,"2016-05-02 13:54:17",609.00
3471065156,0,"2016-06-07 08:26:18",269.25
3943865269,0,"2016-05-02 14:08:23",759.00
2719107717,0,"2016-05-04 09:49:23",269.00
3423488850,0,"2016-05-04 09:49:10",269.00
2302613830,0,"0000-00-00 00:00:00",147.10
1507356693,0,"0000-00-00 00:00:00",74.35
2965099808,0,"2016-05-09 11:56:30",78.35
1588966412,0,"0000-00-00 00:00:00",87.15
3653898478,0,"0000-00-00 00:00:00",18.40
2190325666,0,"0000-00-00 00:00:00",126.30
2335964041,0,"0000-00-00 00:00:00",126.30
44029785,0,"2017-03-07 12:24:20",81.55
3552236605,0,"0000-00-00 00:00:00",62.35
3873534630,0,"2017-03-07 12:20:55",72.75
149885834,0,"0000-00-00 00:00:00",142.30
4170680318,0,"0000-00-00 00:00:00",72.75
379184850,0,"0000-00-00 00:00:00",92.75
4294591463,0,"0000-00-00 00:00:00",127.50
2169192282,0,"2016-05-05 13:37:32",132.70
3907916629,0,"2016-05-06 10:56:43",699.00
2174736027,0,"2016-05-06 12:05:17",1199.00
1761375150,0,"2016-05-06 12:44:08",489.00
3118035146,0,"2016-05-06 12:59:56",398.00
1473712614,0,"2016-05-06 13:37:53",559.00
3199513811,0,"2016-05-06 13:57:21",559.00
2993413678,0,"2016-05-09 09:16:52",134.30
4149906490,0,"2016-05-17 12:22:06",117.00
424996118,0,"2016-05-17 12:40:05",117.00
4030154787,0,"2016-05-17 12:34:31",117.00
507062543,0,"2016-05-17 12:33:36",117.00
4185981960,0,"2016-05-17 12:33:05",98.00
171907204,0,"2016-05-12 11:15:02",186.00
690237901,0,"2016-05-12 11:14:19",114.00
2239153900,0,"2017-03-02 11:15:48",1254.00
2307890242,0,"2016-05-20 08:59:50",135.00
2707703673,0,"2016-05-20 09:00:26",149.00
2320045242,0,"2016-05-20 09:00:24",135.00
3812151668,0,"2016-05-20 08:59:56",149.00
2598660560,0,"2016-05-19 12:29:58",129.00
2109471994,0,"2016-05-19 12:29:38",129.00
2957577394,0,"2016-05-19 12:35:26",129.00
4139701854,0,"2016-05-20 07:46:09",235.00
2524536763,0,"2016-05-20 07:48:04",295.20
4020627231,0,"2016-05-20 09:53:14",259.00
4293861976,0,"2016-05-20 09:58:34",259.00
2762069216,0,"2016-05-23 07:33:12",259.00
1253029324,0,"2016-10-03 08:52:43",229.00
1304588757,0,"2016-10-03 08:52:28",229.00
2860145874,0,"2016-10-03 08:52:18",229.00
1423523988,0,"2016-05-25 12:29:29",279.00
3784345332,0,"2016-05-23 11:59:51",249.00
3875357421,0,"2016-05-23 12:39:45",58.35
4014673606,0,"2016-05-23 12:47:37",58.35
4169906101,0,"2016-05-23 12:56:49",148.70
377869977,0,"2016-05-23 13:04:35",183.10
4293292972,0,"2016-05-23 13:14:36",115.19
300421760,0,"2016-05-23 13:29:18",115.90
4132454279,0,"2016-05-23 13:39:32",115.90
3493860555,0,"2016-06-01 08:57:44",49.90
1090455898,0,"2016-06-01 08:57:20",49.90
939014604,0,"2016-06-01 09:02:46",59.90
23402415,0,"2016-06-01 08:56:57",49.90
1986144057,0,"2016-06-01 08:56:28",65.90
4016797315,0,"2016-06-01 08:56:05",49.90
2557232661,0,"2016-06-01 09:04:26",49.90
101241782,0,"2016-06-01 09:07:06",59.90
1896866592,0,"2016-06-01 09:06:14",49.90
861107501,0,"2016-06-01 12:15:39",652.80
3921991853,0,"2016-06-06 11:14:27",167.00
2663639099,0,"2016-06-06 11:23:47",161.00
3037266901,0,"2016-06-07 08:39:35",126.75
3255710531,0,"2016-06-07 08:23:39",276.75
1550493408,0,"2017-04-20 13:05:13",144
1921726286,0,"2016-06-09 07:39:30",119.7
205147123,0,"2016-06-09 07:39:26",115.20
469430912,0,"2016-06-09 07:56:34",115.20
4126446508,0,"2016-06-09 08:06:27",108.00
479671961,0,"2016-06-09 08:31:50",143.10
1804600847,0,"2016-06-09 08:28:31",143.10
1646676516,0,"2016-06-09 08:55:04",33.30
808458606,0,"2016-06-09 12:32:48",175.00
156462373,0,"2016-06-10 10:32:45",44.90
3761293328,0,"2016-06-10 13:32:34",179.00
1433996912,0,"2016-06-10 12:46:05",44.90
3145166684,0,"2016-06-10 13:00:31",44.90
2984252322,0,"2016-06-13 08:01:17",44.90
3478220575,0,"2016-06-13 08:29:21",44.90
4234473428,0,"2016-06-13 13:11:36",139.90
564037197,0,"2016-06-15 13:32:29",44.90
1115176829,0,"2016-06-17 11:13:06",39.90
2780828282,0,"2016-06-17 11:13:09",39.00
1544473125,0,"2016-06-17 11:58:45",129.00
722074291,0,"2016-06-17 12:00:48",89.00
3043847952,0,"2016-06-17 11:39:12",149.00
2632006311,0,"2016-06-20 08:58:33",763.00
2083836857,0,"2016-06-20 10:25:00",673.00
2247756774,0,"2016-06-20 10:44:50",354.00
1840590141,0,"2017-04-20 13:05:16",176
2210090001,0,"2017-02-07 19:01:22",176
319050112,0,"2016-07-13 12:33:48",309.00
2647505225,0,"2016-07-13 12:32:54",309.00
3939142111,0,"2016-07-13 12:31:54",390.00
1957567612,0,"2016-07-13 12:30:51",309.00
61418730,0,"2016-07-13 12:29:34",309.00
2594209104,0,"2016-07-13 12:28:36",309.00
3987164614,0,"2016-07-13 12:27:26",309.00
2098745431,0,"2016-07-13 12:25:40",309.00
169828545,0,"2016-07-13 12:24:25",309.00
1492028326,0,"2016-07-13 12:22:13",309.00
803846960,0,"2016-07-13 12:20:52",309.00
3068193418,0,"2016-07-13 12:18:34",309.00
3253197340,0,"2016-07-14 09:22:09",309.00
1602441151,0,"2016-07-14 09:23:03",309.00
679771945,0,"2016-07-14 09:23:57",309.00
2978819731,0,"2016-07-13 12:11:05",309.00
3330940421,0,"2016-07-14 09:25:28",309.00
1446314900,0,"2016-07-13 08:36:42",309.00
556937986,0,"2016-07-13 11:59:34",309.00
3250429529,0,"2016-07-14 09:38:26",309.00
3065687759,0,"2016-07-14 10:40:56",231.00
357850960,0,"2016-07-14 11:32:57",280.00
1110125260,0,"2016-07-19 08:39:34",176.00
727379714,0,"2016-07-19 10:34:24",235.00
1529879437,0,"2016-07-20 12:30:52",319.00
4172973783,0,"2016-07-21 11:00:14",404.00
2411574849,0,"2016-07-21 08:41:18",215.00
1307787447,0,"2016-07-22 10:34:42",265.00
2760959362,0,"2016-07-22 11:05:05",399.00
1251902638,0,"2016-07-22 11:32:37",224.00
1700448026,0,"2016-07-28 11:18:20",139.00
355480469,0,"2016-07-28 11:37:21",139.00
2084697691,0,"2016-09-14 11:07:42",369.00
2911063314,0,"2016-08-02 13:07:29",333.20
1242712484,0,"2016-08-16 07:40:49",314.39
2753308808,0,"2016-08-16 08:08:23",224.00
1300204989,0,"2016-08-16 08:29:51",166.00
3635001082,0,"2016-08-17 13:26:22",293.30
2422365193,0,"2016-08-19 09:31:44",349.30
4004990065,0,"2016-09-07 08:12:19",207.51
3666568294,0,"2016-09-07 11:55:17",216.00
1244953079,0,"2016-09-07 11:45:07",216.00
2679780978,0,"2016-09-08 08:32:16",164.00
1240658191,0,"2016-09-09 13:19:11",199.00
893874045,0,"2016-09-12 09:57:59",119.00
1547086515,0,"2016-09-12 10:15:16",119.00
724671013,0,"2016-09-12 10:16:31",126.00
2990066591,0,"0000-00-00 00:00:00",133.00
744250940,0,"2016-09-19 08:13:40",138.00
3042250630,0,"2016-09-19 08:13:23",138.00
3260170000,0,"2016-09-19 08:13:19",138.00
2366876119,0,"2016-09-14 09:56:08",176.00
497857606,0,"2016-09-14 09:58:00",176.00
1789625552,0,"2016-09-14 09:59:54",176.00
174853429,0,"2016-09-14 10:01:18",176.00
3809454080,0,"2016-09-14 11:16:43",104.00
2105922682,0,"2016-09-19 10:56:33",288.00
2583392645,0,"2016-09-20 11:35:55",115.00
4033678438,0,"2016-09-20 11:38:38",115.00
1846122949,0,"2016-09-20 11:37:37",115.00
1548678717,0,"2016-09-29 07:57:47",649.00
1569496074,0,"2016-10-03 07:51:15",369.00
257640254,0,"2016-10-10 07:47:57",387.00
361168519,0,"2016-11-08 08:36:44",299.00
4074335149,0,"2016-11-08 08:37:32",189.00
1448762923,0,"2016-10-14 08:20:13",668.95
1992663820,0,"2016-10-17 12:06:09",89.90
2563490336,0,"2016-10-17 12:57:00",79.90
3902879407,0,"2016-10-17 12:47:02",79.90
2678457913,0,"2016-10-18 11:41:54",79.90
253303720,0,"2016-10-18 11:40:20",79.90
1750396537,0,"2016-10-18 08:00:28",79.90
525590255,0,"2016-10-18 08:39:58",79.90
2167884620,0,"2016-10-18 08:43:44",79.90
4130372570,0,"2016-10-18 08:47:00",79.90
1866017376,0,"2016-10-18 11:13:38",79.90
1537849144,0,"2016-10-18 11:55:30",79.90
1006893764,0,"2016-10-19 12:55:36",79.90
2164027535,0,"2016-10-19 08:34:08",79.90
1336903347,0,"2016-10-19 08:28:23",79.90
3601258249,0,"2016-10-19 08:35:16",79.90
1220690602,0,"2016-10-19 09:28:30",79.90
178181287,0,"2016-10-19 13:56:26",129.90
2802731441,0,"2016-10-24 09:57:56",139.90
934368288,0,"2016-10-24 10:05:34",139.90
1085695158,0,"2016-10-24 10:05:45",139.90
782919009,0,"2016-10-24 11:19:36",139.90
3847413692,0,"2016-10-24 11:54:02",139.90
2455105322,0,"2016-10-24 12:02:36",139.90
3795786661,0,"2016-10-24 13:12:24",131.90
2503486259,0,"2016-10-24 13:16:00",131.90
92747426,0,"2016-10-24 13:18:11",131.90
494802321,0,"2016-10-25 07:48:38",75.90
4095586468,0,"2016-10-25 07:59:51",75.90
2199552050,0,"2016-10-25 08:04:16",75.90
3883287862,0,"2016-10-26 10:10:29",75.90
158868506,0,"2016-10-26 10:30:18",179.90
3409367788,0,"2016-10-26 11:25:40",179.90
745097158,0,"2016-10-28 10:23:49",92.90
1286524451,0,"2016-10-28 10:40:22",92.90
3536477056,0,"2017-04-20 12:28:34",92.90
3130936404,0,"2016-11-04 10:58:50",289.00
3447637231,0,"2016-11-03 13:38:59",243.75
980128898,0,"2016-11-03 14:04:33",393.00
2374194326,0,"2016-11-05 09:07:43",139.90
3748839409,0,"2016-11-08 11:53:06",1743.00
21913232,0,"2016-11-09 13:03:36",596.00
3271600230,0,"2016-11-09 14:03:18",457.00
1566850501,0,"2016-11-17 10:51:09",457.50
2084154069,0,"2016-11-16 13:53:51",780.00
774896031,0,"2016-11-11 13:14:25",496.00
626843397,0,"2016-11-16 13:57:15",439.00
1278024395,0,"2016-11-16 13:57:24",469.00
2219930744,0,"2016-11-17 12:21:44",285.00
565563250,0,"2016-11-17 13:21:38",780.00
3464086633,0,"2016-11-27 22:00:41",300.00
4195279132,0,"2016-11-23 08:41:38",285.00
1661448358,0,"2016-11-24 09:39:55",352.00
421363962,0,"2016-11-24 10:22:55",243.00
2567954433,0,"2016-11-24 10:22:21",243.00
3993555095,0,"2016-11-24 10:27:33",243.00
1996587309,0,"2016-11-24 10:33:15",243.00
3692319869,0,"2016-12-01 10:16:57",313.60
840578385,0,"2016-12-01 10:14:49",272.30
3682177124,0,"2016-12-01 10:35:23",284.20
897053000,0,"2016-12-01 12:17:17",636.30
1767739933,0,"2016-12-01 14:17:44",235.20
2643348104,0,"2016-12-05 08:37:32",179.00
2367895522,0,"2016-12-05 10:05:49",186.20
2224389065,0,"2016-12-05 12:05:00",174.30
2497691278,0,"2016-12-05 12:32:19",235.20
2477947543,0,"2016-12-05 13:06:57",186.20
2326350806,0,"2016-12-06 09:42:27",186.20
1829856977,0,"2016-12-06 10:20:21",313.60
3016376221,0,"2016-12-06 11:27:01",264.60
2349262328,0,"2016-12-12 10:42:49",137.20
1701134541,0,"2016-12-12 13:50:33",264.60
3210152438,0,"2016-12-13 09:52:47",299.00
3889571394,0,"0000-00-00 00:00:00",255.00
759565297,0,"2017-01-27 09:42:36",239.00
3025099339,0,"2017-01-31 12:55:56",239.00
356708662,0,"2017-02-07 19:03:07",176
2609584639,0,"2017-05-08 09:43:27",176
1927855306,0,"2017-04-20 13:21:09",176
99585116,0,"2017-02-08 14:57:46",176
2632375782,0,"2017-02-08 14:59:02",115
3957452144,0,"2017-04-20 13:27:59",156
207208567,0,"2017-04-20 13:31:37",156
3349248682,0,"2017-02-08 14:56:58",139
3418331177,0,"2017-02-14 09:25:45",139.20
3166218431,0,"2017-01-30 16:49:29",139.20
2876772812,0,"2017-02-14 09:31:30",249.00
2887112149,0,"2017-02-14 09:27:00",249.00
1109112057,0,"2017-02-14 09:29:46",249.00
1434380593,0,"2017-02-08 15:02:01",139
3430398091,0,"2017-02-22 08:36:04",156
3359329351,0,"2017-02-08 13:42:12",59.00
3434871068,0,"2017-02-21 14:21:58",315.20
634936361,0,"2017-02-21 14:27:48",169.00
3419815173,0,"2017-02-21 14:31:48",249.00
745410562,0,"2017-02-21 14:38:59",247.20
2728917195,0,"2017-02-21 14:42:27",247.20
1271160318,0,"2017-02-21 14:46:49",211.20
3536653380,0,"2017-02-21 14:51:52",179.00
2045919100,0,"2017-02-22 08:25:55",249.00
2549898832,0,"2017-02-22 08:59:28",139
1883534167,0,"2017-02-22 09:27:01",156
4178044842,0,"2017-02-22 09:36:53",149
2382419772,0,"2017-02-22 09:41:16",149
4186190658,0,"2017-03-07 13:15:52",586.00
4262350710,0,"2017-03-07 18:28:53",134
268447322,0,"2017-03-07 18:28:56",124
2388966393,0,"2017-03-07 18:29:04",124
1617615573,0,"2017-03-07 18:29:06",124
2278750162,0,"2017-03-07 18:36:01",124
2086310356,0,"2017-03-08 11:02:12",769.00
1455075778,0,"2017-03-31 13:35:16",125.90
2048184257,0,"2017-04-03 14:13:36",111.00
2105084888,0,"2017-04-03 14:26:09",111.00
4194742074,0,"2017-04-03 14:48:34",112.00
2322357173,0,"2017-04-03 14:51:20",112.00
2791162133,0,"2017-04-13 10:13:35",164.00
943281334,0,"2017-04-18 11:58:23",164.00
3593942426,0,"2017-04-13 10:07:09",557.00
831461533,0,"2017-04-12 11:34:18",429.00
4015276497,0,"2017-04-13 06:47:17",589.00
394183658,0,"2017-04-13 06:44:51",253.00
2300204617,0,"2017-04-13 10:20:12",556.00
1729378149,0,"2017-04-13 10:17:23",438.00
2158762594,0,"2017-04-13 06:42:34",299.00
2540479249,0,"2017-04-13 06:30:31",485.00
2036515389,0,"2017-04-13 06:30:29",485.00
2416011016,0,"2017-04-13 06:30:26",373.00
2114913828,0,"2017-04-13 06:49:40",522.00
2578918179,0,"2017-04-13 06:53:03",492.00
3158438098,0,"0000-00-00 00:00:00",239.00
30451169,0,"0000-00-00 00:00:00",126.00
3281933079,0,"0000-00-00 00:00:00",126.00
1576715956,0,"0000-00-00 00:00:00",126.00
3124947891,0,"2017-04-19 09:27:14",35.90
3666174550,0,"0000-00-00 00:00:00",126.00
881525626,0,"0000-00-00 00:00:00",119.00
3723011663,0,"0000-00-00 00:00:00",110.00
870762339,0,"0000-00-00 00:00:00",110.00
3562990180,0,"0000-00-00 00:00:00",110.00
1562214041,0,"0000-00-00 00:00:00",110.00
3004374965,0,"0000-00-00 00:00:00",110.00
1517337216,0,"0000-00-00 00:00:00",110.00
3028212652,0,"0000-00-00 00:00:00",106.00
855736142,0,"2017-04-19 09:48:04",125.90
2852663028,0,"0000-00-00 00:00:00",227.00
879541079,0,"2017-04-19 10:41:54",35.90
1256048618,0,"0000-00-00 00:00:00",227.00
581544059,0,"0000-00-00 00:00:00",227.00
1388535028,0,"2017-04-19 11:13:14",125.90
1286973868,0,"2017-04-19 12:22:11",125.90
1021271331,0,"2017-04-19 14:07:04",35.90
2782268569,0,"2017-04-19 14:19:08",131.90
4194070476,0,"2017-04-20 07:32:37",131.90
159710136,0,"0000-00-00 00:00:00",83.00
3884620436,0,"0000-00-00 00:00:00",83.00
250167201,0,"0000-00-00 00:00:00",83.00
3773259405,0,"0000-00-00 00:00:00",83.00
1187343743,0,"0000-00-00 00:00:00",83.00
3754704069,0,"2017-04-20 08:37:50",35.90
2946943050,0,"2017-04-20 08:52:56",131.90
1209984333,0,"2017-04-20 10:01:03",42.90
2983214354,0,"0000-00-00 00:00:00",568.75
3335982468,0,"2017-04-20 10:20:18",123.90
800368817,0,"2017-04-20 12:27:37",131.90
1359336460,0,"0000-00-00 00:00:00",244.75
66338667,0,"0000-00-00 00:00:00",402.50
3992608327,0,"0000-00-00 00:00:00",603.75
77200242,0,"0000-00-00 00:00:00",483.75
3935803998,0,"0000-00-00 00:00:00",348.75
2212913040,0,"2017-04-20 13:27:52",131.90
1787165349,0,"0000-00-00 00:00:00",367.50
75383647,0,"2017-04-20 14:09:54",116.90
1416426202,0,"2017-04-21 08:24:33",116.90
3127022582,0,"2017-04-21 09:17:13",116.90
1392588483,0,"2017-04-21 09:37:43",116.90
3171899375,0,"2017-04-21 11:54:33",131.90
980480781,0,"2017-04-24 06:27:26",121.90
1193359131,0,"2017-04-24 09:10:32",131.90
1658318058,0,"2017-04-24 10:14:15",125.90
2077023659,0,"2017-04-24 11:36:02",131.90
2512567431,0,"2017-04-24 12:36:00",131.90
764836397,0,"2017-04-24 13:27:30",35.90
4054743427,0,"2017-04-24 13:49:05",125.90
295008580,0,"2017-04-25 10:33:33",35.90
4030662149,0,"2017-04-26 14:01:06",35.90
3470134906,0,"2017-04-27 10:33:32",249.00
551055190,0,"2017-04-27 11:00:32",279.00
3344974417,0,"2017-04-27 11:34:20",229.00
1051630094,0,"2017-04-27 11:55:12",229.00
1321496193,0,"2017-04-27 12:08:15",229.00
1522687754,0,"2017-04-28 07:35:37",131.90
3013737023,0,"2017-04-28 09:25:10",131.90
3122116116,0,"2017-04-28 13:12:53",150.00
3907411315,0,"0000-00-00 00:00:00",25.00
2682351077,0,"2017-04-28 13:09:09",79.00
1391732096,0,"2017-05-02 07:16:42",143.90
3147268277,0,"2017-05-02 08:58:01",131.90
580833551,0,"2017-05-02 09:44:36",131.90
2783016429,0,"2017-05-02 10:24:19",64.90
1273959617,0,"2017-05-02 10:49:38",165.00
2727129588,0,"2017-05-02 12:20:43",165.00
2872770015,0,"2017-05-02 13:09:43",131.90
2428162934,0,"2017-05-03 08:35:52",125.90
2125771354,0,"2017-05-03 10:15:16",131.90
3993743307,0,"2017-05-03 11:52:38",131.90
2835117351,0,"2017-05-03 12:50:46",35.90
3247288553,0,"2017-05-03 13:03:41",136.90
3989645107,0,"2017-05-04 07:29:41",125.90
63129119,0,"2017-05-04 08:30:31",125.90
2474400654,0,"2017-05-04 09:04:56",49.90
2226971389,0,"2017-05-04 09:22:00",125.90
4107671154,0,"2017-05-04 09:56:10",125.90
450393950,0,"2017-05-04 10:56:19",125.90
2322033359,0,"2017-05-04 12:39:45",125.90
52756018,0,"2017-05-04 13:24:35",131.90
3978993438,0,"2017-05-04 13:55:12",136.90
2182302931,0,"2017-05-08 06:54:40",136.90
3094820894,0,"2017-05-09 07:56:37",299
3206216711,0,"2017-05-09 08:39:54",599
3249242298,0,"2017-05-09 08:56:12",599
1331849331,0,"2017-05-09 11:32:10",336
2785135942,0,"2017-05-10 08:03:53",124
722382199,0,"2017-05-10 08:35:47",124
744712558,0,"2017-05-10 09:05:30",129
2569711374,0,"2017-05-10 11:30:31",157
1883834939,0,"2017-05-10 13:25:35",329
2695783272,0,"2017-05-11 12:33:59",225
967258834,0,"2017-05-12 07:23:08",225
1754288461,0,"2017-05-12 08:11:49",173
3898968475,0,"2017-05-12 10:03:24",337
4051613914,0,"2017-05-15 09:08:07",225
1077532384,0,"2017-05-15 12:10:53",267
692589358,0,"2017-05-16 07:09:50",356
789140697,0,"2017-05-16 08:04:47",206
4203158364,0,"2017-05-16 11:00:01",337
1931687820,0,"2017-05-16 11:26:31",337
3161506224,0,"2017-05-16 12:55:57",281
3234160578,0,"2017-05-17 07:52:19",234
2191116751,0,"2017-05-17 08:23:51",275
3957853185,0,"2017-05-17 08:52:43",157
3659064955,0,"2017-05-17 09:46:33",157
2670310511,0,"2017-05-17 10:41:55",157
2405658920,0,"2017-05-17 12:23:57",309
2007499560,0,"2017-05-17 12:58:08",309
152666005,0,"2017-05-18 08:44:50",253
2806999675,0,"2017-05-19 09:26:20",346.00
2686627426,0,"2017-05-19 09:51:41",197.00
3470333848,0,"2017-05-19 10:05:11",197.00
3738275401,0,"2017-05-23 10:22:03",212.00
963224398,0,"2017-05-23 10:46:24",680.00
782834237,0,"2017-05-23 11:09:58",498.00
3232201489,0,"2017-05-23 11:30:06",570.00
700767780,0,"2017-05-23 11:49:54",998.00
2966261662,0,"2017-05-23 12:00:04",998.00
1642630394,0,"2017-05-23 12:21:23",346.00
4175551808,0,"2017-05-23 12:34:07",346.00
293763189,0,"2017-05-23 12:45:31",403.00
406074462,0,"2017-05-23 13:07:43",426.00
267685165,0,"2017-05-23 13:30:26",238.00
3791318017,0,"2017-05-24 06:29:05",299.00
2031609823,0,"2017-05-24 06:44:40",215.00
4158525206,0,"2017-05-24 07:09:29",296.00
855457273,0,"2017-05-24 07:17:57",287.00
3706936533,0,"2017-05-24 07:22:16",287.00
1117243766,0,"2017-05-24 07:41:52",272.00
1009169867,0,"2017-05-24 07:46:54",272.00
736496824,0,"2017-05-24 07:52:59",272.00
3320343956,0,"2017-05-24 08:19:27",396.00
1535965239,0,"2017-05-24 08:50:26",216.00
1688705663,0,"2017-05-24 09:10:39",138.00
349007600,0,"2017-05-24 09:28:54",173.00
2109516606,0,"2017-05-24 09:44:52",216.00
3837131396,0,"2017-05-24 10:08:37",277.00
